DE_ID,SHIFT_END_TIME,DE_HOME_LAT,DE_HOME_LNG,DE_JOINING_DATE,DE_ZONE_ID
141533,06:42,37.39042748516471,72.84942357140955,2019-09-20,372
235942,08:42,37.37228888396714,72.88534113183053,2020-03-15,372
973234,06:42,37.41026788118989,72.85361029871898,2018-12-21,375
973473,05:42,37.39706685630477,72.87253284986788,2018-12-21,624
1016546,06:42,37.425545289903084,72.89513680571162,2019-01-11,668
130629,05:42,37.37312657291101,72.80656836828098,2019-09-10,624
148633,01:42,37.40634307284211,72.83628644581515,2019-09-28,375
356712,11:42,37.37263552013413,72.84455571969129,2020-08-09,374
595376,05:42,37.393238099967384,72.84024367792264,2018-05-02,372
719813,11:42,37.408970750931715,72.8169839768576,2018-07-27,375
927508,06:42,37.36407781918679,72.87983582392151,2018-11-28,841
1180464,05:42,37.391574102469505,72.87170843777119,2019-04-01,372
251821,05:42,37.35586440621572,72.86168259149952,2020-04-19,372
348233,05:42,37.38340399632976,72.87814500251221,2020-08-02,841
371027,05:42,37.38392991140375,72.84055612898113,2020-08-21,372
394613,06:42,37.39850293925611,72.84419987145476,2020-09-14,372
120862,06:42,37.418255547111784,72.90360437029872,2019-09-01,841
285896,06:42,37.40640155297795,72.84039699080016,2020-05-24,372
359992,05:42,37.39367265941242,72.84291597245893,2020-08-12,372
939661,01:42,37.423471931454344,72.89782775066516,2018-12-04,668
134543,11:42,37.38081172261737,72.84966254972106,2019-09-14,372
343321,08:42,37.38242184601417,72.84741366051811,2020-07-28,372
354401,06:42,37.38226234644646,72.85706428536255,2020-08-07,372
368898,08:42,37.38701418612168,72.85745160913011,2020-08-19,841
597827,06:42,37.34191899005783,72.8571808842475,2018-05-05,372
1331210,05:42,37.38251622702244,72.87029249554584,2019-06-08,372
376139,11:42,37.40611028122078,72.83018351143397,2020-08-26,375
395893,06:42,37.38790046512026,72.8870871369563,2020-09-16,841
1018888,06:42,37.407827249352906,72.84980854698637,2019-01-11,375
1194252,05:42,37.39651795581883,72.85019569006059,2019-04-09,375
315808,05:42,37.33784994579353,72.82099783740544,2020-06-27,372
1160327,05:42,37.418828246129834,72.91359246400246,2019-03-23,668
271629,06:42,37.41095230201808,72.8947070329947,2020-05-10,668
660615,05:42,37.38163857325146,72.8487871537941,2018-06-23,372
740884,05:42,37.39385871185151,72.90814798442,2018-08-06,624
1031074,00:42,37.3827017829663,72.8689712957155,2019-01-18,372
1232717,08:42,37.43187171348939,72.8423846838149,2019-04-27,375
1232844,11:42,37.411879810697314,72.91219273365695,2019-04-27,624
358291,05:42,37.403937212955555,72.84091373856646,2020-08-10,372
378834,05:42,37.37530397617096,72.85325625659308,2020-08-29,372
384958,01:42,37.40594188538542,72.85579565001791,2020-09-04,375
400510,06:42,37.40393206484069,72.85577072256378,2020-09-21,375
1212836,06:42,37.38837485428388,72.89136205858382,2019-04-14,668
341073,06:42,37.394503935387895,72.89142812537192,2020-07-26,841
343228,11:42,37.37699177220094,72.80944243064098,2020-07-28,373
389393,06:42,37.32270245757431,72.85324072190184,2020-09-10,372
695623,06:42,37.361045476527764,72.89566032701002,2018-07-14,841
886266,06:42,37.404863140979344,72.88821302669318,2018-11-07,841
1303064,05:42,37.384514035573524,72.83116950024903,2019-05-27,372
368615,06:42,37.386129036045126,72.83815532686275,2020-08-19,375
372543,06:42,37.40062895253725,72.80998437690144,2020-08-22,375
1017395,08:42,37.43292647867001,72.8383775064525,2019-01-11,375
1323369,06:42,37.39073393022638,72.83915779859771,2019-06-05,372
234814,05:42,37.38910619498768,72.85726858207035,2020-03-08,373
285556,00:42,37.377491585313926,72.87826074351518,2020-05-24,841
397846,05:42,37.38576018200145,72.86147621764107,2020-09-18,372
598654,05:42,37.41266493597855,72.63547129686846,2018-05-05,375
1169319,01:42,37.36815594041208,72.88399622381476,2019-03-27,841
266481,08:42,38.03120376238643,71.78050869521506,2020-05-06,841
375487,05:42,37.40708240634672,72.86653712160876,2020-09-25,624
397804,05:42,37.379617327554996,72.86813694877583,2020-09-18,374
342555,05:42,37.40728756093648,72.89412421844033,2020-07-28,624
364449,06:42,37.361124278082976,72.86443463581969,2020-08-15,624
368973,11:42,37.411380132692834,72.9420498989928,2020-08-19,375
395512,05:42,37.35588016636217,72.89972598450828,2020-09-15,841
370796,05:42,37.383875179420706,72.83534105425397,2020-08-21,372
391648,06:42,37.37742371241521,72.82355850047827,2020-09-12,372
393728,06:42,37.41744526974428,72.8702480597925,2020-09-13,624
944484,05:42,37.43155786246883,72.84682894950642,2018-12-07,624
1025204,06:42,37.37521776865686,72.87866044066313,2019-01-14,841
1162037,08:42,37.404863140979344,72.88821302669318,2019-03-24,624
1261068,01:42,37.37508861569818,72.84735256115152,2019-05-10,374
378692,08:42,37.358200451161416,72.86428890959442,2020-08-29,374
1242934,06:42,37.3769676122821,72.85391376316315,2019-05-01,372
180976,05:42,37.37463382518046,72.87198593618591,2019-10-25,373
248261,05:42,37.38659466404961,72.95706724043981,2020-04-14,668
356679,11:42,37.38424742023043,72.8430379001521,2020-08-09,372
392348,06:42,37.41599125914914,72.83182858747456,2020-09-12,375
594506,05:42,37.335152723803105,72.8234422173952,2018-05-02,374
664402,05:42,37.37656538625008,72.85505315520244,2018-06-25,372
339748,05:42,37.41267617961386,72.85360036387601,2020-07-25,375
351718,06:42,37.37761387439382,72.85556371627854,2020-08-05,372
900904,05:42,37.4215220813542,72.88013034733625,2018-11-16,624
930023,06:42,37.419159799339,72.88525573743658,2018-11-30,624
1161804,06:42,37.40348589955056,72.88853428367264,2019-03-24,624
248290,06:42,37.40583260211269,72.82930436735424,2020-04-14,841
252571,05:42,37.35673858287397,72.86020076317946,2020-04-20,374
380280,06:42,37.42008654048294,72.86027992612138,2020-08-30,624
1246682,06:42,37.40977177064484,72.89842406752196,2041-03-02,668
199104,06:42,37.37080601707172,72.86609714300882,2019-11-03,372
375128,06:42,37.388451397995055,72.83945787627583,2020-08-25,372
400556,08:42,37.3608256907136,72.84036908272853,2020-09-21,374
401442,08:42,37.36508972926949,72.81108601637281,2020-09-22,373
749150,05:42,37.41497420095158,72.91543537902058,2018-08-11,372
284702,08:42,37.40138160765087,72.87366108779545,2020-05-23,372
378710,08:42,37.383624414570725,72.8772222805611,2020-08-29,374
1018934,06:42,37.4257364456952,72.83880578886065,2019-01-11,375
1212772,05:42,37.35910538057724,72.89643235531437,2019-04-15,841
1233466,08:42,37.37567490736531,72.86667499014172,2019-04-27,372
263776,06:42,37.42586230223453,72.83106536509116,2020-05-03,375
343244,05:42,37.381544779085104,72.88443096395316,2020-07-28,375
1191136,05:42,37.40104151956079,72.88583706168222,2019-04-07,624
318925,05:42,37.36754688878819,72.89539267309159,2020-06-30,624
321796,05:42,37.389324084344544,72.85975906881558,2020-07-03,372
384899,06:42,37.36174064531909,72.86689026026781,2020-09-04,374
898649,08:42,37.404411331079125,72.86928036000795,2018-11-14,624
1018873,08:42,37.41023563812355,72.84176804553874,2019-01-11,375
1236262,01:42,37.38102925058752,72.88427530288493,2019-04-28,841
280243,06:42,37.37769362417768,72.85073840385633,2020-05-19,372
825993,05:42,37.37101790043176,72.84901366837857,2018-10-03,374
1147101,05:42,37.38334673546263,72.87634313648138,2019-03-15,841
370946,05:42,37.39076983109882,72.85792608864043,2020-08-21,374
131268,08:42,37.411058379218126,72.87411944577259,2019-09-11,624
356603,06:42,37.37795491071255,72.86978812115993,2020-08-09,372
362620,05:42,37.39069333297252,72.79509365952903,2020-08-14,372
367012,05:42,37.42534650269688,72.8550014038369,2020-08-17,841
374037,06:42,37.3593000134821,72.86308850853521,2020-08-23,374
1266246,08:42,37.39881782885203,72.85812541792673,2019-05-11,372
154312,05:42,37.430417251160854,72.84411804452024,2019-10-04,375
270713,06:42,37.36792969686768,72.8492838511811,2020-05-10,374
343623,06:42,37.422446474307414,72.84250661150806,2020-07-29,375
387045,05:42,37.39140241021478,72.85827227307401,2020-09-06,624
715728,00:42,37.42706189017357,72.90444002685375,2018-07-24,375
978904,06:42,37.40991785825683,72.86337797418174,2018-12-24,624
1288004,05:42,37.392729977428665,72.84590952397468,2019-05-20,372
1296811,06:42,37.40796669854131,72.85140245850333,2019-05-25,375
187220,05:42,37.40989807891757,72.85053081072917,2019-10-27,375
352044,06:42,37.36682001901065,72.86413708702564,2020-08-05,374
355699,05:42,37.35268371810067,72.8918746968106,2020-08-08,374
381298,08:42,37.38875445629068,72.79817436678753,2020-08-31,373
937667,11:42,37.40304131491587,72.89148425731702,2018-12-03,624
335073,08:42,37.38869037630658,72.84907363882317,2020-07-20,373
368960,06:42,37.40744322200472,72.89360868994271,2020-08-19,375
370738,06:42,37.385977981011635,72.87199727099095,2020-08-21,372
384703,06:42,37.38395185824039,72.88211235015604,2020-09-04,841
678066,00:42,37.42118068364873,72.89802820887348,2018-07-06,668
977109,06:42,37.37231200531062,72.82249998714487,2018-12-23,373
234592,05:42,37.354211472482845,72.90589489533087,2020-03-08,372
270156,05:42,37.37658683659147,72.83005616458591,2020-05-09,372
371013,08:42,37.408771511992086,72.81700140800613,2020-08-21,375
666221,05:42,37.3652486867571,72.84961879115632,2018-06-26,374
770657,06:42,37.42390450409539,72.85572985426985,2018-08-26,372
985755,06:42,37.40761283710878,72.87030523031294,2018-12-28,624
1148785,08:42,37.38869909188085,72.84917325829298,2019-03-16,372
21984,01:42,37.40827025333218,72.87667216080646,2019-07-07,624
333820,11:42,37.35769232862271,72.86995475564649,2020-07-18,372
372541,06:42,37.38122632202977,72.85554881401407,2020-08-22,372
808516,05:42,37.4056258668675,72.83153085798715,2018-09-21,375
1194568,01:42,37.377708255402084,72.87844255130625,2019-04-09,841
1317788,06:42,37.38306043112694,72.86733380632717,2019-06-03,372
323695,05:42,37.40104346160296,72.82390120779912,2020-07-05,372
346228,05:42,37.41018740863257,72.92268014397844,2020-07-31,668
362649,05:42,37.35872076638713,72.88170985308396,2020-08-14,374
365327,08:42,37.36503323593764,72.85174566231942,2020-08-16,374
378703,05:42,37.35917808578893,72.85366326935322,2020-08-29,372
399627,06:42,37.37788328966106,72.8161904078652,2020-09-20,373
952534,05:42,37.3628582712151,72.80967513191564,2018-12-11,373
136073,05:42,37.384801559177916,72.8424875093574,2019-09-15,372
271309,01:42,37.30291467079664,72.93226605641199,2020-05-10,841
381287,05:42,37.36795914000987,72.88863101287163,2020-08-31,372
392325,05:42,37.38426738026306,72.83982393039537,2020-09-12,372
1169163,08:42,37.380902626512906,72.84955421467697,2019-03-27,372
265679,05:42,37.40387642939082,72.9308613138832,2020-05-05,668
316087,05:42,37.351794458484605,72.90580521070403,2020-06-28,841
341053,06:42,37.38767675045993,72.84896155562629,2020-07-26,372
348508,11:42,37.40158956216477,72.87374327611673,2020-08-02,624
360218,06:42,37.36366331012107,72.86591899302384,2020-08-12,374
384962,06:42,37.38379804886762,72.82872259137518,2020-09-04,372
386318,06:42,37.40612866059798,72.85678312914172,2020-09-06,375
924313,06:42,37.39566920310994,72.91622090962734,2018-11-26,668
1149395,06:42,37.36774490845911,72.89306656298889,2019-03-16,372
1186729,05:42,37.386462576058285,72.85458879122847,2019-04-05,372
276523,06:42,37.36478856743116,72.90517028339735,2020-05-15,841
310357,06:42,37.397198989880955,72.86027468765985,2020-06-21,372
364862,01:42,37.3552304271377,72.87508886132109,2020-08-16,374
386200,08:42,37.404863140979344,72.88821302669318,2020-09-05,624
392266,08:42,37.403555489036265,72.79065576122107,2020-09-12,373
644667,05:42,37.40288280916167,72.81279864951023,2018-06-10,375
854518,05:42,37.40685711103096,72.85822512774321,2018-10-20,375
1233012,11:42,37.4126374788173,72.8623369823436,2019-04-27,624
1336685,06:42,37.42932622372107,72.86147919825856,2019-06-10,624
1357090,06:42,37.40785217680703,72.84779872644164,2019-06-18,375
266476,06:42,37.409604865118226,72.90225318524608,2020-05-06,668
368604,08:42,37.3539890674379,72.86204742635037,2020-08-19,374
1233095,05:42,37.38514399545872,72.84295945998363,2019-04-27,372
218879,06:42,37.16480857772124,73.0449315216418,2019-12-14,374
1201906,08:42,37.380234462326385,72.91305408520141,2019-04-13,372
379625,06:42,37.36716995159702,72.8623999781675,2020-08-30,374
1224592,05:42,37.38400338415074,72.84024855499743,2019-04-22,372
137621,06:42,37.38187267448818,72.8491682005248,2019-09-16,372
207462,01:42,37.39049761590745,72.92480430556408,2019-11-08,668
389366,06:42,37.33365301260106,72.86252163482062,2020-09-10,374
1337265,08:42,37.34944518227656,72.86174229090405,2019-06-10,374
246653,06:42,37.406193688810745,72.83228423587424,2020-04-12,375
281203,05:42,37.39971368130685,72.9222915105955,2020-05-20,374
400600,05:42,37.3411341814015,72.99507400980266,2020-09-21,372
736239,06:42,37.40550872590246,72.83937090122646,2018-08-04,375
944115,08:42,37.382380797026876,72.84350235447273,2018-12-07,372
278827,05:42,37.39080808016198,72.88934230319612,2020-05-17,841
310318,01:42,37.36663821121958,72.8643537571138,2020-06-21,374
343254,08:42,37.40951956107097,72.84735170326955,2020-07-28,375
686218,05:42,37.3963273421068,72.85834330728359,2018-07-09,372
876946,06:42,37.351961544704565,72.8859149597706,2018-11-02,841
1194110,06:42,37.390845832729894,72.85420530596039,2019-04-09,372
1315348,06:42,37.422796587587165,72.82470836944063,2019-06-02,372
131316,01:42,37.3370455384913,72.92998266629868,2019-09-11,841
135972,06:42,37.38653090069042,72.86913820124211,2019-09-15,372
362604,05:42,37.41029673749017,72.83443481522276,2020-08-14,372
383195,06:42,37.365999535760125,72.85246417790943,2020-09-04,374
400560,08:42,37.35622820249123,72.84518811811388,2020-09-21,374
1196068,01:42,37.42793687995197,72.83068309909177,2019-04-10,375
120928,06:42,37.37471095573354,72.87860439906468,2019-09-01,841
341697,05:42,37.38757207322195,72.85579668859324,2020-07-27,372
348753,05:42,37.36975220011976,72.89650469913934,2020-08-02,373
731071,06:42,37.34193511159099,72.86310201083762,2018-08-01,374
949452,08:42,37.37185147983614,72.80346770098984,2018-12-09,372
114871,05:42,37.39649903436152,72.87177947198077,2019-08-28,841
271304,05:42,37.37601883395486,72.84536391990812,2020-05-10,372
366869,06:42,37.36603421736385,72.86892378899796,2020-08-17,372
257095,05:42,37.374752637147616,72.82630173887748,2020-04-26,372
387981,11:42,37.36075221796662,72.84067665671223,2020-09-07,374
388661,11:42,37.33773036629108,72.82422052273643,2020-09-08,372
395531,01:42,37.430992569409675,72.842662362923,2020-09-15,375
916187,11:42,37.37808817321076,72.86786920451071,2018-11-23,624
1020681,06:42,37.38841730323323,72.88152091037404,2019-01-12,372
1192489,05:42,37.39309106412673,72.84888939249468,2019-04-08,372
176102,01:42,37.405652013590334,72.83182971639658,2019-10-20,375
348316,06:42,37.38846724848817,72.86947070267993,2020-08-02,372
367685,06:42,37.401411502526486,72.87285541646271,2020-08-18,375
378666,05:42,37.35706417484814,72.91899612005282,2020-08-29,374
384968,06:42,37.36829164144769,72.88669466507388,2020-09-04,841
389275,06:42,37.40054753175126,72.85265384339279,2020-09-09,375
400524,05:42,37.38643128122061,72.86914691681638,2020-09-21,372
401871,06:42,37.36962277612103,72.8892885194417,2020-09-23,841
248108,05:42,37.378708559639705,72.8451285994027,2020-04-14,841
375094,11:42,37.3843582841586,72.83971559535131,2020-08-25,372
399609,05:42,37.43283679404319,72.84079452045074,2020-09-20,372
677689,01:42,37.393159659798904,72.83934710269436,2018-07-06,375
1212830,06:42,37.422778975745246,72.84057026371032,2019-04-14,375
257102,00:42,37.33881507110913,72.92611371885599,2020-04-26,841
333453,06:42,37.41144109695093,72.83604119046677,2020-07-18,375
374009,05:42,37.383152463944505,72.87756471684192,2020-08-23,372
389332,06:42,37.372286897163136,72.84057094089891,2020-09-10,375
395547,06:42,37.37828393503764,72.84486460329038,2020-09-15,372
401441,08:42,37.36937377261984,72.88529502507508,2020-09-22,373
1315488,05:42,37.389088763839126,72.85706934313072,2019-06-02,372
376043,08:42,37.37345514550269,72.82179768343472,2020-08-26,373
392403,06:42,37.38264948952066,72.86837357889664,2020-09-12,375
1026139,05:42,37.24277278049026,72.85983213459097,2019-01-15,375
1303082,05:42,37.35073368730716,72.89023842669098,2019-05-27,841
1331071,05:42,37.424784506057094,72.88988312053456,2019-06-08,372
131733,08:42,37.36778275137371,72.8498989991485,2019-09-12,372
259417,08:42,37.35552273747022,72.90367215285076,2020-04-29,374
341028,06:42,37.3314140582411,72.8633198098478,2020-07-26,374
341375,05:42,37.40375924366395,72.8319953123078,2020-07-27,375
375492,05:42,37.40866272521458,72.8570633371339,2020-08-25,375
1211245,05:42,37.345049235599674,72.9939284310732,2019-04-16,372
1222143,01:42,37.35880399328372,72.89987171073354,2019-04-21,841
908998,11:42,37.428682580840125,72.84838546984219,2018-11-19,372
1111481,06:42,37.36174534170051,72.89218610929376,2019-02-24,841
1316290,11:42,37.36699685938023,72.86271626772549,2019-06-02,374
265893,11:42,37.42760184963006,72.83603265558584,2020-05-05,375
278955,08:42,37.4095296766073,72.83369886848419,2020-05-17,375
693412,06:42,37.37271612779997,72.87416135264188,2018-07-13,372
706699,06:42,37.38743131441817,72.85992466472679,2018-07-20,372
1017935,06:42,37.43455471040396,72.88681993477128,2019-01-11,668
263660,05:42,37.40153040484033,72.81914065254962,2020-05-03,375
393663,05:42,37.384310958134435,72.84032202774442,2020-09-13,372
399659,06:42,37.40746250484876,72.8399026416039,2020-09-20,375
985948,08:42,37.39306875590337,72.83945543773844,2018-12-28,375
362660,01:42,37.42483810911813,72.88475894970293,2020-08-14,624
397978,06:42,37.393181064555435,72.92908672349718,2020-09-18,668
1345397,06:42,37.391500720069196,72.86398544515023,2019-06-14,372
333853,05:42,37.405482579179626,72.83907204281702,2020-07-18,375
120535,06:42,37.407957982967034,72.85130283903352,2019-09-01,375
315787,05:42,37.40932118001332,72.88180007979089,2020-06-27,624
346606,05:42,37.36667935055355,72.86023449655453,2020-08-01,372
348341,06:42,37.40383348394622,72.87414925030154,2020-08-02,624
354396,06:42,37.38602052030768,72.85412555617653,2020-08-07,372
356658,05:42,37.407187941466674,72.89413293401459,2020-08-09,624
388636,08:42,37.358390974526756,72.86417185897605,2020-09-08,372
392186,08:42,37.354875888516574,72.84349955454861,2020-09-12,374
656822,08:42,37.373660209745765,72.85741534687095,2018-06-20,372
287060,05:42,37.372205295683806,72.89930154059957,2020-05-26,841
351709,06:42,37.43061576732701,72.90834514620894,2020-08-05,841
375092,05:42,37.38325583156709,72.87645147152546,2020-08-24,372
375491,06:42,37.40791440509565,72.85080474168447,2020-08-25,375
381826,06:42,37.37125024031968,72.89526943578305,2020-09-01,375
644659,11:42,37.37751678380809,72.85215922315648,2018-06-10,372
944303,05:42,37.37810456578398,72.84969863128687,2018-12-07,372
1182596,01:42,37.372166459778725,72.80936268085712,2019-04-02,373
241727,06:42,37.37969369057281,72.83229389967717,2020-04-05,372
251394,05:42,37.428153956188694,72.90544868527893,2020-04-19,624
386315,01:42,37.33790178750576,72.86174838724757,2020-09-06,373
1226570,01:42,37.38110186545253,72.84953678352842,2019-04-23,372
1354114,05:42,37.282826129152234,72.9585167801087,2019-06-17,373
83763,06:42,37.37716730295514,72.81374349899133,2019-08-09,372
251802,05:42,37.395387685502385,72.92447686189443,2020-04-19,668
333780,06:42,25.268688186812696,70.91022352170123,2020-07-18,375
946080,06:42,37.39005244443084,72.86923163402173,2018-12-08,372
1212789,05:42,37.4157206246132,72.86889321693374,2019-04-17,624
1336376,06:42,37.367630657764884,72.86537113111324,2019-06-10,624
365143,05:42,37.38465687152797,72.86378114844244,2020-08-16,372
595676,05:42,37.36758987981764,72.83736812525387,2018-05-03,372
1299832,05:42,37.36123121316499,72.87827799397037,2019-05-26,372
258860,05:42,37.38192957396858,72.88309233297427,2020-04-28,841
271595,06:42,37.407032461091795,72.87858732930287,2020-05-10,624
348260,06:42,37.35929477502056,72.8859760591372,2020-08-02,841
176136,01:42,37.40323567678068,72.88223211035184,2019-10-20,624
344165,06:42,37.35886893114981,72.88340338407072,2020-07-29,372
944173,05:42,37.348029194466356,72.98553677777049,2018-12-07,372
356581,05:42,37.39662236201676,72.86745225690761,2020-08-09,841
401444,11:42,37.36103364522749,72.84045127104979,2020-09-22,374
1343885,01:42,37.40600691359819,72.83129675675043,2019-06-12,375
370055,06:42,37.35714690524949,72.87060476591097,2020-08-21,841
378573,05:42,37.39456512510118,72.87606432845126,2020-08-29,841
938040,06:42,37.368154992183435,72.85759584504663,2018-12-03,374
120496,06:42,37.35883330131741,72.84054339421402,2019-09-01,374
334518,05:42,37.42458770565487,72.89451790959143,2020-07-19,668
358487,06:42,37.40805218328194,72.89024280727054,2020-08-10,624
376302,11:42,37.40797175630948,72.84457604111066,2020-08-27,375
395909,06:42,37.385330318937854,72.88409977213072,2020-09-16,841
685966,01:42,37.418443225791165,72.82428618337597,2018-07-09,375
803597,06:42,37.367866068617,72.86003029019344,2018-09-16,374
886323,05:42,37.35623253748594,72.90260623355846,2018-11-07,841
939796,05:42,37.36738332526583,72.82353348267748,2018-12-04,373
21914,05:42,37.38269455770077,72.84708865538587,2019-07-07,372
359880,06:42,37.43130651077693,72.8301875306268,2020-08-12,375
377132,06:42,37.35891729574929,72.90116676384106,2020-08-28,841
399622,08:42,37.40078632936943,72.87833073914943,2020-09-20,624
401438,06:42,37.348796300934076,72.87153611308968,2020-09-22,841
916198,08:42,37.363801178654036,72.89732649200526,2018-11-23,372
359633,05:42,37.413927654850006,72.85298896406138,2020-08-11,375
386310,11:42,37.40600777148016,72.86572770212322,2020-09-06,624
719766,05:42,37.36146856605926,72.81100129916746,2018-07-27,373
877164,05:42,37.389604382683395,72.8491944375943,2018-11-02,375
949256,05:42,37.39550432997219,72.8500836068637,2018-12-09,373
976992,06:42,37.42978963946639,72.84497600929863,2018-12-23,624
1193942,08:42,37.36076093354089,72.84077627618204,2019-04-09,374
1222277,01:42,37.41763597380298,72.85406987596481,2019-04-21,375
1339906,06:42,37.40757476873899,72.82282788254794,2019-06-11,375
1344818,06:42,37.40791133413147,72.90240135000874,2019-06-13,668
351643,06:42,37.3839645026608,72.86504630667434,2020-08-05,372
1194118,06:42,37.36555504147211,72.84738358494916,2019-04-09,374
1376182,05:42,37.412807636001446,72.79085012308589,2019-06-29,372
394793,08:42,37.38744237818316,72.87267220870957,2020-09-14,841
1297294,11:42,37.406016216014386,72.889919021407,2019-05-25,624
131743,08:42,37.3987568198321,72.85742808163805,2019-09-12,372
1249476,11:42,37.382760263102135,72.8730818407005,2019-05-04,372
270819,05:42,37.35376864919695,72.86297014830147,2020-05-10,374
321523,06:42,37.38898399625447,72.87193504270233,2020-07-03,372
343339,08:42,37.37151563639408,72.88109235692583,2020-07-28,374
381348,06:42,37.37510839503744,72.86019972460412,2020-08-31,372
594331,05:42,37.38035336464023,72.85933932128832,2018-05-02,372
207558,05:42,37.41652065133587,72.81722688401527,2019-11-08,375
351076,05:42,37.36808603512453,72.89926040126561,2020-08-04,374
392385,08:42,37.35829135505695,72.86418057455033,2020-09-12,374
400478,08:42,37.38354222624946,72.877430235075,2020-09-21,372
731014,06:42,37.37633747170355,72.8581849366379,2018-08-01,372
1182670,05:42,37.367243424344004,72.8620924041838,2019-04-02,372
1323463,06:42,37.38209309272913,72.84824547857369,2019-06-05,372
385928,06:42,37.38699332262222,72.9409712449334,2020-09-05,841
265878,05:42,37.410347902013804,72.82469328648278,2020-05-05,375
310691,05:42,37.36808544828261,72.84073775607885,2020-06-21,374
310985,06:42,37.396398285969696,72.86144894199622,2020-06-22,372
359628,06:42,37.37508730608279,72.85307444880202,2020-08-11,841
364908,06:42,37.357825500774226,72.87606640560192,2020-08-16,372
381091,06:42,37.40487185655362,72.88831264616299,2020-08-31,624
667613,06:42,37.366518722063816,72.85954587584014,2018-06-27,374
734045,06:42,37.41607475708579,72.82589874531016,2018-08-03,375
977070,05:42,37.4104543853624,72.87868947765678,2018-12-23,373
356909,08:42,37.42499178338238,72.83947323027371,2020-08-09,375
368957,11:42,37.40157213101622,72.8735440371771,2020-08-19,624
401315,01:42,37.35516237354562,72.83644775149348,2020-09-22,373
958676,08:42,37.375760843839345,72.86536250588564,2018-12-14,372
977163,01:42,37.4094715578582,72.79746605708057,2018-12-23,375
175155,06:42,37.405503893589476,72.93684223022451,2019-10-19,668
285662,05:42,37.39150830672146,72.85374581906123,2020-05-24,372
330825,05:42,37.3697561289659,72.87933903618784,2020-07-15,841
368595,06:42,37.393722423973976,72.84692689797411,2020-08-19,375
378786,06:42,37.3699916301647,72.86596762866338,2020-08-29,374
389267,11:42,37.39970618500127,72.92450057007986,2020-09-09,624
1193825,06:42,37.38556252371727,72.83168006132514,2019-04-09,372
184974,06:42,37.414053421042645,72.85327910689654,2019-10-26,374
273619,05:42,37.36641160628843,72.86176365089877,2020-05-12,374
351099,05:42,37.407570839892834,72.83999354549942,2020-08-04,375
637762,06:42,37.37614392295888,72.79516198416117,2018-06-04,373
902088,05:42,37.38392607290428,72.84969122532796,2018-11-16,372
906520,06:42,37.40170060678631,72.8543598381066,2018-11-18,375
1224650,11:42,37.35774967983653,72.86372605507266,2019-04-22,374
1268279,01:42,37.36743647659343,72.85856214486911,2019-05-12,372
270718,05:42,37.384927008745635,72.98160596342588,2020-05-10,668
348889,06:42,37.361433071335384,72.86681678752083,2020-08-02,372
890826,05:42,37.42184884783525,72.83452833834905,2018-11-10,375
960443,08:42,37.40304131491587,72.89148425731702,2018-12-15,372
270166,06:42,37.394842262129174,72.92512687215894,2020-05-09,668
343261,06:42,37.40624485333437,72.82254270713428,2020-07-28,375
343761,08:42,37.38828196358436,72.8467002026963,2020-07-29,375
346626,05:42,37.383026697751866,72.87727457400675,2020-08-01,372
359614,08:42,37.38727592438997,72.83634849341041,2020-08-11,624
1120780,05:42,37.34438766507494,72.91408225192579,2019-03-01,372
286501,05:42,37.383252083414305,72.87755600126764,2020-05-25,841
393727,08:42,37.37663885899706,72.85474558121872,2020-09-13,372
643791,06:42,37.368603144277564,72.86960247486938,2018-06-09,841
946291,06:42,37.358390974526756,72.86417185897605,2018-12-08,374
294660,05:42,37.39286314958021,72.85202117393015,2020-06-02,372
362456,05:42,37.350101830964675,72.82564770942012,2020-08-14,372
1222341,06:42,37.370487966164944,72.9117987714658,2019-04-21,372
271295,05:42,37.38359244254444,72.8412883275669,2020-05-10,372
722555,05:42,37.38202919343839,72.88308361739999,2018-07-28,841
1190949,05:42,33.05285989237726,84.19965856756711,2019-04-07,375
120382,06:42,37.40482502702469,72.95547229034754,2019-09-01,668
258068,05:42,37.37709224955272,72.8438646604395,2020-05-27,372
363054,05:42,37.36535318330172,72.85884479139868,2020-08-14,374
368955,11:42,37.34940526221129,72.8681702304175,2020-08-19,372
374027,05:42,37.356643479092234,72.901566460989,2020-08-23,841
394721,01:42,37.39550432997219,72.8500836068637,2020-09-14,375
595374,01:42,37.379815527919284,72.84974970546381,2018-05-02,374
1186670,11:42,37.40149865826924,72.87385161116082,2019-04-05,624
1212847,05:42,37.37435424961507,72.8183060345699,2019-04-15,372
278936,06:42,37.35803598417221,72.87273538522686,2020-05-17,374
310267,01:42,37.36011187150504,72.86663123157697,2020-06-21,374
367840,05:42,37.362532272269334,72.89773865288025,2020-08-18,841
395521,11:42,37.36075221796662,72.84067665671223,2020-09-15,374
882145,05:42,37.42330601974124,72.81332063573805,2018-11-04,375
132838,06:42,37.420308268339284,72.85363531651979,2019-09-13,375
352154,08:42,37.44057992739014,72.8214460350844,2020-08-05,375
375490,06:42,37.36150446693169,72.82976958921016,2020-08-25,372
595579,05:42,37.3748432700031,72.85028510364735,2018-05-03,375
930232,05:42,37.40598144406396,72.8814899769231,2018-11-30,624
356645,05:42,37.38600412773446,72.87229612940037,2020-08-09,372
387983,11:42,37.3482494775988,72.88593857760932,2020-09-07,374
392378,11:42,37.36148938397386,72.84221827478352,2020-09-12,374
594631,05:42,37.40801759202489,72.86575262957733,2018-05-02,375
877219,06:42,37.4179348322124,72.85404372924198,2018-11-02,375
946816,05:42,37.407681613474324,72.84470180730328,2018-12-08,375
1249512,08:42,37.375834677973074,72.83293266548331,2019-05-04,373
271050,01:42,37.3572470667994,72.82241265070874,2020-05-10,372
358460,08:42,37.37286876348888,72.81050582104919,2020-08-10,372
380292,11:42,37.36680633601489,72.86283331834385,2020-08-30,374
604596,06:42,37.36958041751835,72.89109910104682,2018-05-11,372
700617,06:42,37.39261396538566,72.86408881277283,2018-07-16,372
1232203,06:42,37.40711275295575,72.82557861725272,2019-04-27,375
261318,05:42,37.423852978185025,72.89759364942844,2020-05-01,668
273252,05:42,37.40257040286499,72.9101965057613,2020-05-12,624
367032,05:42,37.37106626503125,72.86677704814892,2020-08-17,372
724999,05:42,37.371007333162,72.9028193361872,2018-07-29,372
1018869,08:42,37.42529935736609,72.8395467030207,2019-01-11,375
155154,06:42,37.35927341502586,72.90294248314908,2019-10-04,841
196295,11:42,37.34245655573872,72.89086219988597,2019-11-01,372
241693,05:42,37.36503323593764,72.85174566231942,2020-04-05,372
273800,05:42,37.38398464338681,72.84577120370832,2020-05-12,372
285812,01:42,37.40897874373251,72.88132812916467,2020-05-24,624
371004,06:42,37.355844626876454,72.84883542804693,2020-08-21,374
373832,06:42,37.415817805545615,72.86426714345116,2020-08-23,624
731065,11:42,37.40674683394471,72.92007007773077,2018-08-01,624
380510,06:42,37.37603400725936,72.8248846677301,2020-08-31,373
642726,01:42,37.36661834153364,72.85953716026587,2018-06-08,374
793930,06:42,37.41688295730262,72.82251543148944,2018-09-09,375
276538,06:42,37.36907432736849,72.82679852661113,2020-05-15,373
343238,11:42,37.40019529573599,72.94844907255263,2020-07-28,624
401433,06:42,37.41656246785844,72.8635997020381,2020-09-22,624
598135,05:42,37.372094025607076,72.8280400670043,2018-05-05,373
388664,11:42,37.374518355217525,72.8419818253561,2020-09-08,372
792390,01:42,37.427655949186324,72.89746169654562,2018-09-08,375
946847,05:42,37.37599503542275,72.85771298601166,2018-12-08,372
1022829,05:42,37.4031572366122,72.88133553512355,2019-01-13,624
335356,06:42,37.37999078763343,72.87814247362813,2020-07-20,841
341735,05:42,37.37508730608279,72.85307444880202,2020-07-27,372
348824,06:42,37.386435752146866,72.80379785423695,2020-08-02,668
598332,01:42,37.42949443886307,72.85192819288395,2018-05-05,624
1196160,05:42,37.38164186967084,72.88783545707523,2019-04-10,372
1200088,05:42,37.40700631436897,72.87828847089344,2019-04-12,624
356796,05:42,37.413966084606535,72.86834404540777,2020-08-09,624
365157,05:42,37.39263234476286,72.89068843048058,2020-08-16,624
381030,06:42,37.359992292002595,72.86985391690796,2020-08-31,374
390803,11:42,37.41005712675187,72.88103301890803,2020-09-11,624
156209,05:42,37.40770053493162,72.82311802538308,2019-10-05,375
395541,06:42,37.36695824893034,72.86342231958842,2020-09-15,374
279099,05:42,37.3740935499221,72.85777896245308,2020-05-17,372
374015,05:42,37.40903853348374,72.87971678649916,2020-08-23,624
387978,06:42,37.37638375915238,72.83920869208129,2020-09-07,372
265437,06:42,37.35533266583828,72.86363637044583,2020-05-05,374
343639,06:42,37.422341887416124,72.84131117787035,2020-07-29,375
372533,06:42,37.347276765630944,72.79106232224778,2020-08-22,373
915236,11:42,37.40180894183039,72.85445074200214,2018-11-23,372
1018931,05:42,37.352210457859066,72.8979390207419,2019-01-11,372
1191383,00:42,37.379212934025624,72.84056728309281,2019-04-07,372
339754,05:42,37.385567129752026,72.86500647695577,2020-07-25,372
374066,08:42,37.358390974526756,72.86417185897605,2020-08-23,374
381057,06:42,37.361051076376036,72.8406505099894,2020-08-31,373
399613,06:42,37.37682947270909,72.84659796399572,2020-09-20,372
343356,06:42,37.379202908835964,72.84618955127351,2020-07-28,372
258820,05:42,37.346340857179314,72.85609134711646,2020-04-28,841
278625,05:42,37.39558606656003,72.8900284853731,2020-05-17,624
285000,05:42,37.363320873840266,72.86544704239762,2020-05-24,372
344305,06:42,37.42822693244044,72.83858789950379,2020-07-30,375
371014,06:42,37.41381417169107,72.86775504416318,2020-08-21,624
393682,05:42,37.38715214500133,72.88082854150686,2020-09-13,374
395975,08:42,37.3773351567104,72.83631476003534,2020-09-16,373
220,01:42,37.417748237693225,72.83699511690887,2019-06-29,372
290427,01:42,37.35316045545502,72.90879754295109,2020-05-29,668
902983,06:42,37.410266842614554,72.8352404865555,2018-11-16,375
962415,01:42,37.40181675393784,72.93485602751853,2018-12-16,668
1232675,01:42,37.35374250247412,72.86267128989203,2019-04-27,372
257104,06:42,37.393967588975684,72.86005548868759,2020-04-26,841
365399,06:42,37.39756644396256,72.85070625113669,2020-08-16,375
367020,06:42,37.384135337033555,72.84405152599874,2020-08-17,372
393598,05:42,37.41065520495746,72.84885845904375,2020-09-13,375
286634,05:42,37.40341364607229,72.89115053661051,2020-05-25,624
310679,05:42,37.38610347616422,72.89637911364007,2020-06-21,372
599367,01:42,37.42541893686853,72.8363240176897,2018-05-06,375
884963,01:42,37.24820231386947,72.50310145162793,2018-11-06,373
886190,00:42,37.38314374837021,72.8774650973721,2018-11-07,841
1211560,06:42,37.37565250879528,72.86527160199012,2019-04-16,374
236205,05:42,37.41578556247928,72.85242489027094,2020-03-18,375
273462,08:42,37.37837456789314,72.86884796806027,2020-05-12,375
321624,06:42,37.410190118210025,72.9032058020728,2020-07-03,624
383644,06:42,37.34784142626333,72.85144287506384,2020-09-04,374
386323,05:42,37.411221807631996,72.84730315797668,2020-09-06,375
348512,06:42,37.38431967370871,72.84042164721423,2020-08-02,372
393671,05:42,37.38317364324583,72.87665942603935,2020-09-13,668
892142,08:42,37.359481279193076,72.91105523807501,2018-11-10,841
893967,08:42,37.3489252731994,72.9189051258106,2018-11-11,841
935299,05:42,37.3255133890019,72.7052325171816,2018-12-02,373
1233347,05:42,37.42352720551749,72.85485942576439,2019-04-27,375
285310,05:42,37.40690077924902,72.8506926584876,2020-05-24,375
985360,06:42,37.366086601156184,72.86149093921216,2018-12-28,374
792612,01:42,37.405833821381385,72.83161304630839,2018-09-08,375
960181,05:42,37.372803915969484,72.81894358110735,2018-12-15,373
328127,06:42,37.341453812963714,72.91955879388121,2020-07-12,841
386256,06:42,37.375168726868765,72.81040498231069,2020-09-05,373
879399,06:42,37.377594004707866,72.8507471194306,2018-11-03,372
1186693,05:42,37.40832123716244,72.88299176527582,2019-04-05,624
174733,05:42,37.3953789699281,72.92437724242463,2019-10-19,668
362584,06:42,37.39147597330844,72.84993413248564,2020-08-14,372
389311,06:42,37.37900150239899,72.81749792469977,2020-09-10,373
397759,06:42,37.34102318236483,72.89972083639341,2020-09-18,374
1248035,05:42,37.36266711542298,72.8660061487666,2019-05-04,372
287059,06:42,37.367070332127206,72.86240869374177,2020-05-26,374
325451,06:42,37.348485655986195,72.92305924866697,2020-07-08,372
914057,05:42,37.41132779448536,72.83474613735925,2018-11-23,375
937290,06:42,37.41202684653797,72.9035470190849,2018-12-03,668
380348,05:42,37.3611425671135,72.89906482013208,2020-08-30,841
382580,11:42,37.37599869322885,72.86463902287414,2020-09-02,372
385952,06:42,37.38235708884145,72.84782085397163,2020-09-05,372
1167674,06:42,37.44015877990081,72.84416920904387,2019-03-26,624
297061,08:42,37.36753167072186,72.80916588045491,2020-06-06,373
373788,05:42,37.40865400964031,72.8569637176641,2020-08-23,375
374031,05:42,37.36806043048179,72.85077814322823,2020-08-23,374
386278,01:42,37.37165702762464,72.82075041455968,2020-09-05,373
321619,06:42,37.417952173014285,72.86227353478627,2020-07-03,841
386246,05:42,37.357785400015594,72.89855547832468,2020-09-05,841
259739,05:42,37.39621995529137,72.8846527821562,2020-04-29,624
290786,05:42,37.379024849197684,72.8453016916195,2020-05-30,374
290976,08:42,37.35921868304282,72.8977274084219,2020-05-30,841
321806,05:42,37.368456560170316,72.83809535641817,2020-07-04,841
362614,11:42,37.37798751516562,72.84950810792152,2020-08-14,372
370995,05:42,37.3830980030015,72.84825794230076,2020-08-21,374
394744,08:42,37.38303541332614,72.87737419347656,2020-09-14,841
702725,06:42,37.38622594593749,72.85762095319413,2018-07-17,372
1023089,05:42,37.4009656082764,72.8815272777576,2019-01-13,624
1200165,05:42,37.37737629604437,72.83219549947607,2019-04-12,373
321887,01:42,37.41047511293032,72.91793701987748,2020-07-04,841
128459,08:42,37.412105196359754,72.91247416091785,2019-09-08,624
333785,05:42,37.425367320611485,72.88621837945296,2020-07-18,1192
389369,06:42,37.38476520657206,72.86387205233797,2020-09-10,374
1293239,05:42,37.35155922832587,72.89508491841453,2019-05-24,372
365213,05:42,37.37696047736326,72.8240005562289,2020-08-16,373
399636,06:42,37.39304870552405,72.85069997409981,2020-09-20,372
1168003,05:42,37.373132759601205,72.81008119644713,2019-03-26,373
1195868,01:42,37.38940514374379,72.84921186874284,2019-04-10,375
1356287,11:42,37.404411331079125,72.86928036000795,2019-06-18,624
125073,11:42,37.370460780866786,72.89313010089289,2019-09-05,374
321836,05:42,37.38334298730984,72.87744766622355,2020-07-04,841
322480,06:42,37.377277444109836,72.87466572702778,2020-07-04,841
339769,05:42,37.4031547980748,72.87671817721524,2020-07-25,375
399615,11:42,37.40638507005806,72.86659813062867,2020-09-20,372
735216,05:42,37.32869877349838,72.70033626089648,2018-08-04,375
928145,06:42,37.41285938736701,72.83963123953268,2018-11-28,372
393665,06:42,37.3652732528245,72.87973123703021,2020-09-13,841
1180504,05:42,37.407986116493845,72.89637188837456,2019-04-01,624
351988,08:42,37.41720769139483,72.84687984299,2020-08-05,624
378714,05:42,37.385059097559996,72.86264175640316,2020-08-29,624
595577,06:42,37.354025329697066,72.84869344997445,2018-05-03,374
1162820,01:42,37.37167829727266,72.81181455715247,2019-03-24,373
278318,05:42,37.36693210220752,72.863123461179,2020-05-17,374
364872,05:42,37.383626085572836,72.83937812649198,2020-08-16,372
394797,08:42,37.43099098875424,72.87247595038747,2020-09-14,624
779075,08:42,37.35031384943322,72.90723971299994,2018-08-31,373
886259,08:42,37.36391822927238,72.8975170153706,2018-11-07,841
1169228,06:42,37.36012880615834,72.80027725872516,2019-03-27,375
1268868,05:42,37.354441825566774,72.90738047180373,2019-05-12,841
83829,06:42,37.401325475705754,72.88219846732343,2019-08-09,372
291450,06:42,37.4209007466966,72.87647057367613,2020-05-30,624
769784,08:42,37.40028832236706,72.87034375041614,2018-08-26,624
946088,05:42,37.36013259907297,72.90587877379771,2018-06-08,841
975935,01:42,37.39031485988773,72.89862059688411,2018-12-22,372
367000,05:42,37.44882436415883,72.84913284173247,2020-08-17,375
1268820,05:42,37.358985981768164,72.88359390743607,2019-05-12,841
242564,05:42,37.36880978917606,72.87540655084115,2020-04-06,841
243161,01:42,37.43315308360117,72.84096761266754,2020-04-07,841
1336346,06:42,37.395885873198104,72.9164027174184,2019-06-10,668
315623,05:42,37.383126317221674,72.87726585843247,2020-06-27,841
365587,06:42,37.39148405645594,72.90624771818806,2020-08-16,624
365829,06:42,37.36820502778505,72.83751507074786,2020-08-16,372
384966,11:42,37.405647000583976,72.94536217860394,2020-09-04,375
387979,05:42,37.42271516680118,72.86737783593196,2020-09-07,624
857649,05:42,37.42939454835321,72.8760286082722,2018-10-22,624
1270210,11:42,37.35829135505695,72.86418057455033,2019-05-13,374
177699,01:42,37.41198828167294,72.78951645952849,2019-10-21,375
181768,05:42,37.3953789699281,72.92437724242463,2019-10-25,668
792040,06:42,37.37104020865511,72.85844762313484,2018-09-08,374
1195917,08:42,37.365073427042965,72.82122602299202,2019-04-10,374
1328458,05:42,37.38409428804627,72.84014021995335,2019-06-07,372
196076,05:42,37.380703387573284,72.84957164582552,2019-11-01,372
234637,05:42,37.4225872331112,72.83837863537453,2020-02-17,375
240819,05:42,37.347891687320136,72.92200701237046,2020-04-04,372
342181,08:42,37.35444426410418,72.91199782971205,2020-07-27,841
1186594,11:42,37.411083577712304,72.8480179254139,2019-04-05,375
1236516,11:42,37.3605878413241,72.84109256574001,2019-04-28,374
1254255,06:42,37.37785782012684,72.86638362803787,2019-05-06,372
1376302,11:42,37.394547874645994,72.85980395630233,2019-06-29,372
318735,05:42,37.382330671078584,72.87161369537618,2020-06-30,372
393719,05:42,37.40620746215319,72.82555743795137,2020-09-13,372
1266099,06:42,37.360393840846015,72.8182224462866,2019-05-11,374
120528,06:42,37.392519809832564,72.93185488935052,2019-09-01,668
257934,05:42,37.39306401393707,72.92889620013183,2020-04-27,668
348790,08:42,37.37708267609648,72.8093340955969,2020-08-02,624
365177,06:42,37.36693106363218,72.84475364901552,2020-08-16,374
815816,05:42,37.37870715967764,72.85888105365785,2018-09-25,372
23094,06:42,37.36189544850536,72.83194378639742,2019-07-08,374
252579,05:42,37.429036261579284,72.84554383124188,2020-04-20,375
348320,05:42,37.36066844898992,72.87069819869059,2020-08-02,372
367767,06:42,37.39457785986829,72.85096771836493,2020-08-18,375
389335,05:42,37.35940920640815,72.89761035780354,2020-09-10,841
1342222,05:42,37.40514483928027,72.86389594121677,2019-06-12,375
182504,06:42,37.36206122510995,72.81777542311448,2019-10-25,372
365363,05:42,37.37968398118501,72.92053051285858,2020-08-16,841
369025,11:42,37.36095990144046,72.86485054484747,2020-08-20,374
931044,00:42,37.41029795675887,72.83674349417691,2018-11-30,375
1161760,06:42,37.42280390319936,72.83856044316558,2019-03-24,375
1161899,06:42,37.38125630725207,72.84671257607667,2019-03-24,372
1200377,05:42,37.39958317397095,72.78999947391969,2019-04-12,375
1296520,06:42,37.3616939517217,72.81128272642833,2019-05-25,372
365816,06:42,37.36892571087241,72.86525782864766,2020-08-16,374
381356,08:42,37.37815685922963,72.85029634810572,2020-08-31,372
389312,11:42,37.36833932885859,72.85396596626212,2020-09-10,373
394581,01:42,37.39387167289684,72.75225362970498,2020-09-14,373
218876,08:42,37.41713995360461,72.89085307816315,2019-12-14,372
257760,11:42,37.374603749611474,72.88885274072797,2020-04-27,668
321515,06:42,37.39121572534891,72.84925422734554,2020-07-03,372
381322,06:42,37.40431699483267,72.95310756979494,2020-08-31,375
386269,01:42,37.40277646092157,72.8574779365463,2020-09-05,375
386317,05:42,37.38081172261737,72.84966254972106,2020-09-06,372
944703,06:42,37.35165135149009,72.8972852623246,2018-12-07,372
1148663,05:42,37.38404696202212,72.84074665234648,2019-03-16,372
1212763,05:42,37.41986025135367,72.94030416490708,2019-04-14,624
1306546,05:42,37.41320530076054,72.86309036023069,2019-05-28,375
279418,01:42,37.39144937485221,72.88978810709952,2020-05-18,841
339815,01:42,37.34627451935117,72.88631212803445,2018-05-19,841
270138,06:42,37.40879815521015,72.883853478207,2020-05-09,624
1160073,05:42,37.410269777647194,72.90641105625524,2019-03-23,668
257869,05:42,37.40403403250122,72.86840993150248,2020-04-27,624
371198,05:42,37.40961692269674,72.82666449657765,2020-08-22,372
653780,06:42,37.3666980009708,72.86274241444832,2018-06-18,374
716963,05:42,37.378387031620186,72.8678430577879,2018-07-25,374
1161842,06:42,37.40630766846492,72.88407136756386,2019-03-24,624
1265857,01:42,37.332497408681945,72.86422884880314,2019-05-11,374
1328399,05:42,37.386901064349466,72.84009542281328,2019-06-07,372
346198,05:42,37.40728756093648,72.89412421844033,2020-07-31,624
349858,08:42,37.360755695079355,72.86366382678405,2020-08-03,374
382037,08:42,37.41247685032756,72.86164836162921,2020-09-01,624
937634,00:42,37.39828337889713,72.87955353877867,2018-12-03,624
281749,06:42,37.385180167371196,72.83763605021235,2020-05-20,372
356620,05:42,37.380561319154125,72.85942150960958,2020-08-09,372
645331,05:42,37.40626219413624,72.83077251267855,2018-06-11,375
1328626,06:42,37.343988374898586,72.76494955743073,2019-06-07,372
315868,05:42,37.43997078541957,72.84087305096591,2020-06-27,375
677562,06:42,37.37766494857077,72.85385275414323,2018-07-06,372
799514,06:42,37.37033858213356,72.90779656152488,2018-09-14,372
917752,01:42,37.408061260242945,72.85822016032172,2018-11-24,624
383609,05:42,37.42870470837011,72.87388055780777,2020-09-04,668
932223,05:42,37.40790419921263,72.87248814307448,2018-12-01,375
1212860,08:42,37.42811299754809,72.89350681262889,2019-04-16,624
139543,05:42,37.37762633812088,72.85455880600617,2019-09-18,373
380864,06:42,37.30605074246499,72.8832060415884,2020-08-30,375
1148918,06:42,37.40350576923652,72.89335088052059,2019-03-16,624
266503,08:42,37.367880790188075,72.87970387103869,2020-05-06,841
279109,05:42,37.407436448472616,72.83157321658982,2020-05-17,375
400511,11:42,37.433417079713486,72.8405429880655,2020-09-21,624
1238517,06:42,37.4359530407874,72.89362395359393,2019-04-29,372
360899,08:42,37.39552916707962,72.85610435292362,2020-08-13,375
365423,06:42,37.40790447025269,72.84839644326051,2020-08-16,375
825997,00:42,37.40638077982518,72.9158860599988,2018-10-03,624
975053,06:42,37.3951019232468,72.86728413211229,2018-12-22,372
257096,05:42,37.096031223487635,73.05737320740482,2020-04-26,372
341452,06:42,37.41669460143463,72.85134153983009,2020-07-27,375
370773,05:42,37.36754688878819,72.89539267309159,2020-08-21,373
400534,08:42,37.394719205513994,72.90536238741814,2020-09-21,624
1017114,05:42,37.40789444506302,72.8540187114412,2019-01-11,375
759229,05:42,37.37376872548322,72.84144511755717,2018-08-17,372
1293791,11:42,37.410590267091386,72.86532678570659,2019-05-24,624
139448,06:42,37.38224988271939,72.85806919563493,2019-09-18,372
177430,06:42,37.371124835513776,72.86285702652926,2019-10-21,841
365589,05:42,37.38437571530715,72.83991483429091,2020-08-16,372
394630,01:42,37.36830229906414,72.8248584306606,2020-09-14,373
394794,06:42,37.38523489935424,72.84285112493953,2020-09-14,375
747248,05:42,37.39393918440883,72.83907813916053,2018-08-10,372
859065,06:42,37.425765798490715,72.88618351715584,2018-10-22,624
985959,06:42,37.35337888689199,72.86310463006838,2018-12-28,374
279457,05:42,37.370752323664,72.8792518804451,2020-05-18,841
339784,11:42,37.365822785737215,72.8458544306049,2020-07-25,374
346147,05:42,37.375887919647376,72.8599307610703,2020-07-31,372
378730,01:42,37.3497263384974,72.8856086050556,2020-08-29,373
395554,11:42,37.3825476122068,72.84770380335327,2020-09-15,373
624021,01:42,37.401188374708084,72.89325248031948,2018-05-25,624
642496,05:42,37.37294842292605,72.81371107523162,2018-06-08,372
346159,05:42,37.409585356819015,72.86531432197951,2020-07-31,841
359620,05:42,37.387168266534495,72.886749668097,2020-08-11,375
368953,06:42,37.374425689973194,72.88796488107396,2020-08-19,375
617327,01:42,37.37284993237826,72.8240590363647,2018-05-20,373
284954,08:42,37.35940356179806,72.84591413000945,2020-05-24,374
321565,05:42,37.38077686032028,72.84926407184183,2020-07-03,372
340956,05:42,37.317324586860046,72.8238977754482,2020-07-26,373
1073360,05:42,37.355108860831265,72.83354135572047,2019-02-08,373
1241381,08:42,37.385036518296594,72.87729950146087,2019-04-30,841
278251,05:42,37.389738954797,72.84155363329461,2020-05-17,375
324811,06:42,37.39836877329109,72.92642445415055,2020-07-06,668
395956,06:42,37.374657714059246,72.85160630347771,2020-09-16,372
735519,05:42,37.38101443866973,72.87263228864431,2018-08-04,372
977179,08:42,37.399180134818785,72.86341396540088,2018-12-23,374
1226659,05:42,37.396769397857405,72.85880654233554,2019-04-23,372
120515,05:42,37.37342168316766,72.80764675130033,2019-09-01,373
288344,05:42,37.382501415104656,72.85864948130522,2020-05-27,841
368638,11:42,37.4030514304522,72.87783142253168,2020-08-19,624
371042,11:42,37.361124549123026,72.84034293600571,2020-08-21,374
380277,06:42,37.42188849686047,72.8521920986496,2020-08-30,372
246686,08:42,37.360860553010696,72.84076756060777,2020-04-11,841
368817,08:42,37.3677570563843,72.80944730771577,2020-08-19,373
384290,06:42,37.427952278711665,72.90084875851913,2020-09-04,668
399632,01:42,37.40884950042714,72.85805081625772,2020-09-20,375
825676,05:42,37.37208549072617,72.81187931432518,2018-10-02,373
1167946,08:42,37.39037650133444,72.84310396694019,2019-03-26,624
185363,01:42,37.3911534067136,72.85427877870737,2019-10-26,373
270825,05:42,37.4137827865067,72.89034373635573,2020-05-10,624
333840,11:42,37.40168918163457,72.87373456054245,2020-07-18,624
365251,05:42,37.38385643865677,72.84086370296484,2020-08-16,372
924638,06:42,37.42232585622964,72.82735948467558,2018-11-26,375
973327,05:42,37.4014401781334,72.8697410661758,2018-12-21,624
1346533,06:42,37.391776999215224,72.87861704348512,2019-06-14,372
375091,08:42,37.29541056134607,72.8464936929063,2020-08-24,374
740618,05:42,37.38864192136039,72.83934082565749,2018-08-06,375
370954,06:42,37.4010274751783,72.91665555941906,2020-08-21,372
370967,11:42,37.40033190023844,72.8708418477652,2020-08-21,373
378545,05:42,37.360439134481325,72.88758243438122,2020-08-29,841
1246532,05:42,37.385172400025574,72.86393680951069,2019-05-03,372
1309207,05:42,37.405771322052715,72.85269873087954,2019-05-29,624
139559,06:42,37.393939094062155,72.8471087057652,2019-09-18,372
234640,06:42,37.369330194748464,72.88479692772603,2020-02-17,372
257785,05:42,37.4225872331112,72.83837863537453,2020-04-27,375
388689,06:42,37.39260199815382,72.9316469348366,2020-09-08,668
595693,01:42,37.35199536842634,72.86794362548636,2018-05-03,374
1232972,05:42,37.41304214338672,72.86581494821263,2019-04-27,372
259754,08:42,37.40776258252688,72.84218517383523,2020-04-29,375
346191,05:42,37.395275015463596,72.86696784255432,2020-07-31,841
379318,06:42,37.413824377574095,72.84607164277318,2020-08-30,375
384918,05:42,37.37409111138469,72.85316160454475,2020-09-04,374
393731,08:42,37.394501316157125,72.90287190067292,2020-09-13,372
1162874,05:42,37.40271811589424,72.95204286977135,2019-03-24,668
246983,01:42,37.42070150775699,72.87648800482468,2020-04-12,624
353522,05:42,37.322079813301336,72.85530283589222,2020-08-07,374
384923,08:42,37.39834131695287,72.9318474833916,2020-09-04,841
904624,06:42,37.36763129019167,72.80915716488063,2018-11-17,373
946263,05:42,37.36566197655413,72.86122694309984,2018-12-08,374
358360,08:42,38.02544412216802,71.8156443828354,2020-08-10,374
842009,05:42,37.42509889915776,72.83725545521509,2018-10-13,375
287426,06:42,37.408978924425874,72.86526699595534,2020-05-26,372
400500,06:42,37.360986138509965,72.85711883665223,2020-09-21,374
770755,06:42,37.37114899543262,72.81838569400709,2018-08-26,373
878012,05:42,37.43592815891813,72.78089716271928,2018-11-02,375
129517,06:42,37.396330909566224,72.87329991075073,2019-09-09,624
257107,05:42,37.358679898093214,72.86173741382927,2020-04-26,374
335253,05:42,37.367405272102445,72.86508970385236,2020-07-20,841
384765,05:42,37.37760272028214,72.8508467389004,2020-09-04,372
734530,06:42,37.4131156161337,72.86550737422894,2018-08-03,624
1254630,06:42,37.38035589352432,72.85592611259199,2019-05-06,372
290726,05:42,37.39170948770324,72.79179253402958,2020-05-30,372
369722,06:42,37.42604523894761,72.84118794056181,2020-08-21,375
371050,06:42,37.413696940379346,72.88362565400715,2020-08-21,372
384970,06:42,37.37818675410524,72.84949067677297,2020-09-04,372
749693,05:42,37.36137955862103,72.86391039174781,2018-08-11,372
1147005,05:42,37.36093976071445,72.88412564781349,2019-03-15,374
258301,05:42,37.344164898643264,72.90235704936391,2020-04-27,841
321568,05:42,37.422603851139606,72.91085297375605,2020-07-03,624
357145,08:42,37.36034127636031,72.8417164292817,2020-08-09,372
388653,08:42,37.38103196016496,72.86480096097927,2020-09-08,372
388687,08:42,37.413937499346304,72.86342782909001,2020-09-08,624
946668,06:42,37.420247168972686,72.86096854683578,2018-12-08,624
951524,08:42,37.39306875590337,72.83945543773844,2018-12-10,375
365233,05:42,37.38128818893167,72.89067709567554,2020-08-16,841
392072,01:42,37.3448354110205,72.85150510335245,2020-09-12,374
375535,05:42,37.43537510330781,72.90652341049217,2020-08-26,375
770995,08:42,37.422713857185805,72.87309972358246,2018-08-26,624
839688,08:42,37.38698745255694,72.79863010553393,2018-10-12,373
1266131,05:42,37.37258512314578,72.8967587604087,2019-05-11,372
339707,06:42,37.40990164637699,72.8654874141963,2020-07-25,374
380287,01:42,37.40616325185504,72.88127330683493,2020-08-30,624
384911,06:42,37.402345468935955,72.86976224547715,2020-09-04,624
389264,05:42,37.42652563410805,72.86503682356478,2020-09-09,624
274367,06:42,37.41379543092715,72.87327769287407,2020-05-13,624
932931,05:42,37.38092005766145,72.84975345361659,2018-12-01,841
1193785,01:42,37.357002127252876,72.89992897160067,2019-04-09,841
1315822,08:42,37.3625641995338,72.82696656105976,2019-06-02,372
248252,06:42,36.97171140592003,73.81639670701465,2020-04-14,372
271038,06:42,37.36314719478155,72.80724068676884,2020-05-10,372
356629,05:42,37.38405942574917,72.83974174207412,2020-08-09,372
946929,05:42,37.37576007630407,72.82290099390819,2018-12-08,373
196251,06:42,37.388612026484786,72.84014649699023,2019-11-01,372
315525,05:42,37.397232723256046,72.85033391998027,2020-06-27,372
394796,06:42,37.39580255595484,72.90627142637348,2020-09-14,668
919058,05:42,37.4081709952491,72.84455860996209,2018-11-24,841
958725,05:42,37.407983677956445,72.89175453046623,2018-12-14,841
977027,06:42,37.393976123856596,72.87621624136672,2018-12-23,373
1374346,11:42,37.392960420859275,72.8393645338429,2019-06-28,375
369132,08:42,37.428153956188694,72.90544868527893,2020-08-20,668
271009,01:42,37.40173501734999,72.89491114900913,2020-05-10,841
333798,11:42,37.393168375373186,72.83944672216415,2020-07-18,375
985495,06:42,37.41018944102142,72.8527137234907,2018-12-28,375
1260276,11:42,37.23294486436587,72.67980363111263,2019-05-10,373
1271261,06:42,37.382768030447764,72.84678108140217,2019-05-13,375
235954,11:42,37.38204567635828,72.85688247757147,2020-03-15,372
337918,06:42,37.41181351845403,72.82767690315558,2020-07-24,375
700570,01:42,37.399044072396435,72.89283779056038,2018-07-16,624
719677,01:42,37.387878247243584,72.86962261559538,2018-07-27,372
1293684,01:42,37.40994242432423,72.89349042005566,2019-05-24,624
251250,05:42,37.374529147942475,72.87882106915286,2020-04-19,841
386314,05:42,37.3578850194854,72.8985467627504,2020-09-06,841
401891,08:42,37.36022752216133,72.88057420919746,2020-09-23,841
130316,11:42,37.358390974526756,72.86417185897605,2019-09-10,374
280895,06:42,37.34479305241783,72.85331568495758,2020-05-19,374
360553,08:42,37.43098105391126,72.87006765196348,2020-08-12,375
375489,06:42,37.36485020887786,72.84965365345342,2020-08-25,372
399593,05:42,37.42389226582352,72.94737967614762,2020-09-20,668
399641,05:42,37.40971437466919,72.79794672328107,2020-09-20,375
677891,05:42,37.40324642474381,72.8123653093339,2018-07-06,375
684986,05:42,37.34743780026923,72.86633472135826,2018-07-09,374
1162855,05:42,37.377071476399934,72.91935372963813,2019-03-24,841
1241301,01:42,37.359387169224846,72.86408470323332,2019-04-30,372
288608,06:42,37.36588406579719,72.8224600670796,2020-05-28,668
339791,05:42,37.37760272028214,72.8508467389004,2020-07-25,372
348952,11:42,37.39928743128753,72.84513505713294,2020-08-02,375
949194,01:42,37.40999060823035,72.92731493303533,2018-12-09,841
375488,06:42,37.37592251090442,72.8844209387635,2020-08-25,372
381075,06:42,37.44994813116018,72.91016715296578,2020-08-31,668
1169324,06:42,37.41279715907837,72.83662522428985,2019-03-27,372
278810,05:42,37.418498725309504,72.87196277008059,2020-05-17,624
356590,11:42,37.36125903088993,72.84073269831067,2020-08-09,374
366296,06:42,37.36781463305331,72.89386351874737,2020-08-17,841
373377,06:42,37.41352452535116,72.93443402214723,2020-08-23,372
609763,06:42,37.379465956719635,72.8193645479033,2018-05-14,372
248063,06:42,37.384745517579475,72.84299432228072,2020-04-14,372
366990,08:42,37.37990801247025,72.81982778295526,2020-08-17,373
378739,01:42,37.42603652337334,72.841088321092,2020-08-29,375
724691,05:42,37.36751378783989,72.84911947453857,2018-07-29,374
263721,06:42,37.4162453204185,72.82899566444853,2020-05-03,375
333748,11:42,37.35829135505695,72.86418057455033,2020-07-18,374
362636,05:42,37.412110705861345,72.86549491050188,2020-08-14,375
401432,05:42,37.41334971737042,72.86588842095964,2020-09-22,624
765170,08:42,37.371330803223685,72.81816902391891,2018-08-21,373
955179,01:42,37.28831432336065,72.58983550892134,2018-12-12,668
1171773,06:42,37.35775455691133,72.8729607708893,2019-03-29,841
1246810,05:42,37.42218071684629,72.88880595678391,2019-05-03,668
258230,01:42,37.348407396511085,72.90610154022937,2020-04-27,374
263929,05:42,37.379190354762216,72.85522502815053,2020-05-03,372
340992,06:42,37.409685156982185,72.84924447319592,2020-07-26,375
388651,11:42,37.389491170564504,72.83986881788212,2020-09-08,374
962379,05:42,37.411798435496195,72.84012558872894,2018-12-16,375
1018301,06:42,37.41173697474286,72.87958108546356,2019-01-11,624
1196109,06:42,37.4081331523345,72.88772617380249,2019-04-10,624
265399,05:42,37.38224893449075,72.8316688168668,2020-05-05,375
386312,05:42,37.383234652265756,72.877356762328,2020-09-06,841
399603,05:42,37.39061177625501,72.9605303040444,2020-09-20,624
914762,05:42,37.37701164188689,72.81425902748892,2018-11-23,372
1171795,05:42,37.38352479510091,72.87723099613537,2019-03-29,841
315650,05:42,37.395586247253405,72.87396735216379,2020-06-27,624
323694,06:42,37.36195618648523,72.85673282250006,2020-07-05,374
960172,06:42,37.740372168118625,72.69353066306448,2018-12-15,374
1236308,01:42,37.35512313066896,72.89336776958903,2019-04-28,841
122229,05:42,37.39151074525886,72.85836317696955,2019-09-02,372
137597,01:42,37.416168280212084,72.81434663496508,2019-09-16,375
315760,05:42,37.34756844353667,72.87585958001006,2020-06-27,374
367665,06:42,37.41547451138285,72.82936424745215,2020-08-18,375
393726,05:42,37.36620053604853,72.80657202608707,2020-09-13,373
399623,05:42,37.383299409438465,72.8769495688745,2020-09-20,841
857006,06:42,37.41398152895109,72.82377309341578,2018-10-21,375
251832,05:42,37.38737604035502,72.90289298962756,2020-04-19,373
288385,06:42,37.405699249267805,72.83925385060809,2020-05-27,372
344039,05:42,37.371474316366736,72.90127275069442,2020-07-29,841
279763,01:42,37.36001816768537,72.89424447513136,2020-05-18,841
365199,05:42,37.34084155526713,72.88387637327227,2020-08-16,375
384068,06:42,37.34237125169146,72.83596071790944,2020-09-04,374
387712,06:42,37.3507683689109,72.90669803777953,2020-09-07,841
393732,06:42,37.374917194483494,72.80982469664036,2020-09-13,373
174942,11:42,37.362103041632515,72.86414824113731,2019-10-19,374
259773,05:42,37.364377625824865,72.90621005596682,2020-05-29,841
367044,11:42,37.35830007063122,72.86428019402014,2020-08-17,374
384654,06:42,37.42407795769892,72.82329129829326,2020-09-04,375
384949,05:42,37.36740590452922,72.80887573761976,2020-09-04,373
1161707,05:42,37.34463553965411,72.9077365007336,2019-03-24,374
1162784,06:42,37.3629475944552,72.83938038433602,2019-03-24,374
276512,05:42,37.4072788453622,72.8940245989705,2020-05-15,624
339813,05:42,37.39545551363928,72.87247306011665,2020-07-25,372
378167,06:42,37.375779494256605,72.86787042377944,2020-08-29,372
389256,08:42,37.37472283261869,72.81907684360556,2020-09-09,373
392164,06:42,37.36771284608614,72.86516317659935,2020-09-12,374
394792,05:42,37.42114365385428,72.86892067327196,2020-09-14,624
396032,06:42,37.40382187810113,72.90958510594669,2020-09-16,668
257185,06:42,37.402490337279254,72.8324074731828,2020-04-26,375
257791,05:42,37.38252634255879,72.85663966076051,2020-04-27,372
270130,01:42,37.38166219109019,72.85249922089987,2020-05-09,372
272755,06:42,37.3583821686058,72.87210280611092,2020-05-11,374
286800,05:42,37.397235567942005,72.92953505628468,2020-05-25,668
368626,08:42,37.369408544570256,72.89372406955897,2020-08-19,841
392350,06:42,37.344600000168406,72.85684594427228,2020-09-12,374
925162,05:42,37.36133430974754,72.90125644846789,2018-11-27,372
1026199,05:42,37.34380426367862,72.85922434782061,2019-01-14,372
131383,01:42,37.39381201825413,72.85254045058053,2019-09-11,624
310279,01:42,37.41599238807116,72.84216783303336,2020-06-21,668
321513,05:42,37.359108361194735,72.85286631359475,2020-07-03,374
918126,06:42,37.40764426705496,72.9544225829351,2018-11-24,624
944519,06:42,37.36709647885004,72.8627075521512,2018-12-07,374
339999,05:42,37.373935359969764,72.86170769964701,2020-07-26,372
381777,08:42,37.375734697116535,72.86506364747622,2020-09-01,372
392118,05:42,37.38308648750309,72.87566323134125,2020-09-12,841
1018885,06:42,37.388711645954594,72.84013778141596,2019-01-11,375
281239,06:42,37.38674531293455,72.84864151791552,2020-05-20,372
372547,08:42,37.41920215794167,72.88344515583147,2020-08-22,624
374042,06:42,37.430072963184564,72.89755138117246,2020-08-23,624
382678,08:42,37.37442081289839,72.87873016525732,2020-09-02,372
401310,05:42,37.362718189599924,72.8642951866313,2020-09-22,841
612413,05:42,37.38288891956559,72.83783650842068,2018-05-16,372
1053253,00:42,37.39179610136589,72.8409721283556,2019-01-29,375
1171825,05:42,37.36738540241649,72.86027310700442,2019-03-29,374
1171916,05:42,37.363601804605906,72.79866844494376,2019-03-29,372
118225,06:42,37.381871364872794,72.85489008817531,2019-08-31,372
265364,06:42,37.23175950067964,72.78099199463793,2020-05-05,372
333755,11:42,37.40385710178496,72.8778613174073,2020-07-18,374
392092,06:42,37.42186600794375,72.85881927710265,2020-09-12,624
399658,05:42,37.360192840557595,72.86411459810893,2020-09-20,374
318604,06:42,37.37816688441929,72.84467407992503,2020-06-30,372
318616,05:42,37.37473317361022,72.8960689204256,2020-06-30,841
334262,06:42,37.38482770590073,72.84278636776682,2020-07-19,372
362671,06:42,37.37370631650123,72.85450023552366,2020-08-14,374
386264,06:42,37.42197285267909,72.88069320185801,2020-09-05,624
387985,08:42,37.36205101922692,72.83945882450449,2020-09-07,374
1018128,06:42,37.348916557625124,72.91880550634079,2019-01-11,374
1201050,05:42,37.39317943913817,72.85219426614695,2019-04-12,372
1273445,11:42,37.39462843755,72.7827035444382,2019-05-14,372
1350642,01:42,37.38715015819734,72.83605835057527,2019-06-16,375
258097,05:42,37.38072081872184,72.84977088476515,2020-04-27,372
354399,05:42,37.40226599019214,72.85049585808538,2020-08-07,372
356609,11:42,37.40794723500391,72.92116964005146,2020-08-09,624
372924,06:42,37.409967984205124,72.83526663327832,2020-08-23,375
667718,06:42,37.41268882403429,72.83653432039432,2018-06-27,375
733986,11:42,37.402676931798446,72.84945608551591,2018-08-03,374
1212760,06:42,37.42518926097321,72.88533051979896,2019-04-14,375
141370,06:42,37.36848749362127,72.85565949724888,2019-09-20,374
399674,05:42,37.43217057189884,72.84235853709208,2020-09-20,841
1196147,05:42,37.391214596426884,72.83891498178671,2019-04-10,372
251841,05:42,37.39950572679296,72.92220932227426,2020-04-19,375
322292,06:42,37.339269545824976,72.81886599882085,2020-07-04,624
371234,06:42,37.39577198389062,72.85658501912413,2020-08-22,372
373842,06:42,37.43119555650208,72.84154040203228,2020-08-23,375
394798,06:42,37.4301271083257,72.84424381071288,2020-09-14,624
928196,06:42,37.378026125615506,72.84880205605857,2018-11-28,372
1024320,01:42,37.387878247243584,72.86962261559538,2019-01-14,372
1148848,00:42,37.406667220092395,72.80212821212898,2019-03-16,375
1193854,11:42,37.37214229985989,72.8538340133793,2019-04-09,374
371068,06:42,37.36856697236507,72.87492588464065,2020-08-21,841
389342,06:42,37.426288913640576,72.87609955213509,2020-09-10,624
399549,06:42,37.38917966773465,72.85696100808663,2020-09-20,372
401312,11:42,37.42234143568271,72.88146401089365,2020-09-22,373
953785,11:42,37.39329901864062,72.84897158081596,2018-12-11,624
1215238,05:42,37.40244404983043,72.8513837177394,2019-04-17,375
285912,08:42,37.40961330965245,72.92644450452987,2020-05-24,375
362691,05:42,37.37478835732667,72.8611311621295,2020-08-14,372
369684,06:42,37.36567069212839,72.86132656256963,2020-08-21,374
395572,06:42,37.399883567450956,72.87489635115176,2020-09-15,624
1180245,01:42,37.3809497718437,72.86500891549315,2019-04-01,372
1287838,06:42,37.45097196288984,72.88859583477266,2019-05-20,375
